{
  "project_info": {
    "project_number": "585839101337",
    "project_id": "simple-notes-4a8c5",
    "storage_bucket": "simple-notes-4a8c5.appspot.com"
  },
  "client": [
    {
      "client_info": {
        "mobilesdk_app_id": "1:585839101337:android:a8f000f22688fdfb467f08",
        "android_client_info": {
          "package_name": "com.languagexx.simplenotes"
        }
      },
      "oauth_client": [],
      "api_key": [
        {
          "current_key": "AIzaSyAExqKJz9phK6XEYlDVDJaBIaLTkJhdNws"
        }
      ],
      "services": {
        "appinvite_service": {
          "other_platform_oauth_client": []
        }
      }
    }
  ],
  "configuration_version": "1"
}